actual,prediction
5,4.035176436944005
33,26.34428573498105
154,112.60476351700191
450,350.7457452266675
634,556.6597102501333
257,297.49011358710027
183,229.3004773339447
197,244.21672558163476
237,276.99951819369113
239,300.3824305174883
238,304.6911080371445
256,336.1568129712914
393,508.3514302108887
781,729.6312010812916
710,668.168453342052
526,480.3114760194314
204,331.769172730109
71,241.75981103850444
55,160.543896050586
50,89.29514413388573
36,48.593613170448265
4,23.871683525206056
5,9.222649239273027
5,5.865898764887715
6,9.994699535776745
41,27.051549348366517
144,100.08321906717838
483,279.3363926853006
671,441.481366091919
305,272.6031912289851
177,88.1996666411215
208,106.6028262565574
253,112.16981545759853
289,104.58675107468783
252,92.95700873099791
275,114.31428350826445
398,188.8234689256677
839,284.99687090120585
796,408.1117358936455
556,377.00852967085484
431,255.05106238922392
304,154.55772807206006
217,98.16705297277112
160,58.86157396022616
61,26.26695121124341
26,9.488882927939043
14,5.763173019416247
8,4.2769124628558925
8,6.347538660440543
33,31.65107429612139
178,139.88236013313968
507,418.8833452078421
693,686.8306247330032
311,315.52961304996694
220,177.24973258760596
218,224.97333441556142
292,283.91794388852867
293,287.1466891166389
254,234.39062338971712
290,291.986839402708
487,421.43177484243034
827,770.8856928167223
785,797.7849897165663
591,516.8637289621175
479,395.48000777938495
359,297.7892748564157
264,223.36915365624535
140,136.97606916364566
86,72.50712082053829
34,36.58789110714578
16,17.585066910085555
4,7.278130239168124
6,6.9699515171863435
45,28.556429196505007
141,136.14087131081635
402,424.5584014051781
694,614.2891977405778
298,322.3957704805989
204,189.40969179049992
235,229.72351218845316
310,295.60359600544234
316,304.40295234986365
254,310.4630080547865
258,378.2998733247815
222,596.7389798627075
227,686.2104929133612
110,604.8202235073497
45,539.3220462678535
39,412.8075598475881
85,346.4908839582999
23,261.41364932186474
73,169.75665408150113
86,114.71870152709424
76,86.84882515194651
41,62.659186389828896
26,31.35122210330137
13,9.092931229117376
12,13.596706131417971
36,39.127300393145866
86,85.34715696849567
210,212.39513082045465
332,308.59337100724576
493,387.7759947610933
536,483.900884725595
668,482.6108586576933
679,476.8760512266747
647,456.94259730801105
702,467.79450588469103
644,478.269200437131
586,485.6444201390885
512,449.27445267601354
554,353.30564047019527
399,258.23055820514224
316,213.5293910155519
228,182.99449295822862
238,137.34038171692464
169,108.24625438754218
121,83.19891999596585
89,61.54739997040589
50,32.07988620195459
13,28.499349380216394
12,20.243338903381016
22,60.855383259877605
35,114.2412491918631
140,290.42511763984845
300,320.6321487162811
404,384.2645176506324
511,522.9299687470811
684,570.0815659458717
686,566.8544849467695
678,526.4311957944651
644,507.9148425907092
662,469.26088872757845
578,505.0221393048585
496,452.5889157425978
453,372.79587697423676
314,301.9544799895785
246,234.249460097945
226,206.6363501798336
108,203.9965314692908
49,168.06765904325636
14,109.48939004299072
11,57.369195585979455
5,30.027551734858015
8,7.692993579970311
35,24.800503879149286
139,110.99921595151334
517,323.48278636242514
665,436.7714982871161
282,264.0305555568276
187,281.8315026925035
239,309.17708521094204
282,502.55257038393773
274,588.7547742288602
270,630.1859230339529
292,589.468694106134
448,563.7003321852509
834,572.5459739139353
822,528.2676980575377
645,445.408092420452
461,326.011913384245
265,232.33217511258664
168,173.97734099146507
86,105.03514945062021
34,44.03044849971308
20,21.54381122579397
8,7.048145573073113
5,5.518910580570106
5,6.658065668503825
36,24.51834942027997
184,110.12038059061219
569,292.16389695596473
710,464.536185279545
335,266.2217875840471
176,87.45449969624234
227,104.74556530864167
247,126.26630460415379
267,127.65404460593966
276,123.74883464122072
272,150.00920147762244
473,270.0381223319634
850,424.0110520401089
790,516.6720104007951
513,407.8776516656732
415,234.81398578467142
283,139.90873494481036
193,100.41166881057285
113,61.4281048163303
49,26.203506730295068
27,9.66586319891442
11,5.787034708760365
8,4.4003765834189394
10,6.211876781810131
38,31.229492877412277
172,147.13564069706712
547,444.4548545244747
668,647.8790638926109
303,290.129997060637
203,160.436572369395
226,208.98881851229874
315,258.57758253293554
303,263.38047995517167
302,251.17623958954286
300,275.176189746659
452,364.9375970086072
724,702.4531944715181
782,645.3843670680376
538,450.12674789625044
408,283.9404543299638
298,204.81945726427733
248,158.80357763311028
123,105.74799192168284
59,56.383300573799986
22,27.64021656002067
12,10.392378344541271
5,6.543265326843663
6,6.660950603782853
34,30.8212903535404
170,146.6789569451035
526,443.7202533058092
681,673.1650337167706
337,319.8399581625294
210,177.670192906559
237,231.3531625002689
336,298.91343026333266
315,281.7705398273585
265,234.60148599100904
333,278.1921698918495
466,387.8283932058831
869,723.1039898544909
813,740.4548127700766
602,510.71476255787746
478,362.46415119452536
313,270.33051397593806
228,213.66086622432772
177,125.74467075374214
77,66.4772666105936
29,30.911642310566027
19,12.407711298990455
8,7.520110803631283
10,6.016392620613593
29,31.155433820025213
139,142.5345482532533
428,433.8042383024924
700,694.1130417445478
382,302.9034782849871
249,196.21875924931172
264,253.84989515297607
369,313.4550252797759
416,322.4784234391601
373,300.84263154506976
397,333.213698814014
523,448.9135470911748
793,759.8104303685944
723,789.6682084559909
555,631.7124863687471
408,452.4630418263721
339,345.27330023867324
291,250.1870614141092
215,153.92621711263806
206,116.13022740109335
123,82.11087772621067
89,56.69124314409806
40,28.346293571881265
8,14.158687470256442
19,12.924713083734785
80,42.87654097247352
87,97.35192717269254
244,205.47333250192835
340,330.0930377520308
466,389.44716921659153
569,544.0662160696743
531,618.5997313793832
585,601.0975825081839
593,592.0079719471621
555,622.002320122772
534,611.2430760142154
495,619.7504686553746
451,624.5618190477047
360,513.5737820139427
363,374.8739690125556
316,289.004327509443
214,242.12374925829383
230,183.56417173255105
158,254.8798581706811
116,279.9629854785956
73,354.5115978952278
29,400.9905424569847
10,10.733226802358496
13,15.444509713508014
30,37.28715591236575
62,77.58101462113429
181,189.3949002408138
266,305.3350523616982
413,400.2235601887777
499,468.02362327616845
502,618.6688653443441
492,636.5922597027528
500,580.6615059432099
475,587.8703194639805
508,587.8202472476596
521,565.6014114838639
490,474.1908095788477
375,391.1812771611438
363,283.68711232023844
253,241.49695699406354
159,218.6690840248923
110,201.1567574291209
41,137.03730733277797
24,75.6769539730538
17,35.593946272548244
6,16.300220618166005
7,5.698277840894732
37,28.706893233561523
144,119.14864804869025
503,376.78814940620805
651,552.8655355936833
316,327.65253783948793
147,286.9673784700502
202,333.09553780855
261,440.54120620474856
248,441.74685986250444
259,476.62741093970044
259,438.0234689243369
427,554.7267384942417
800,705.8512458130282
831,610.7686227236264
596,464.44279068697773
394,342.697930940686
250,272.176866757004
164,188.3505343817286
80,105.01305940862377
28,42.09257849906896
16,20.92268240062922
6,8.640290017102846
12,6.592422019976853
4,8.806948840988287
29,38.716480148919224
136,135.18483605945664
303,434.30257771110286
613,668.3364492250448
285,324.45188575016476
125,155.65515781283113
65,201.44437683561065
95,244.54434788626142
59,227.6498876777918
60,207.2135163473908
116,222.5583667873133
239,330.6175814764033
681,658.4899902903684
653,678.9034712037103
491,510.87017684519844
386,395.3694563150028
274,301.96893595950615
207,212.48611051818145
89,117.55681811471827
34,54.443658982815116
28,28.37230647324979
4,10.971352084249784
8,8.886644793372852
10,6.129273968350841
40,36.612332995855866
194,143.7644539461284
505,414.4961648224114
713,678.0307946317263
352,318.02998496821994
198,177.24433810468912
246,212.2976101579332
334,244.08340448489213
255,243.74964892622253
320,241.8722834229115
281,267.7216005612563
392,363.7349925707409
857,731.5692523462448
744,770.5727238045971
671,504.6205852640282
448,335.9765392367428
396,271.3407941496189
238,196.06269957828158
153,111.48259670358631
48,50.195226611451695
21,25.55608480026683
9,10.053945433202543
5,7.453074177893464
6,5.066652426822272
40,27.011568041883752
181,134.65733240777635
506,407.63434540984895
719,656.601908481953
357,341.11993998011
179,187.568426600338
228,226.63487013911268
265,282.6572535904393
284,282.44642571574184
298,238.64746973928536
324,290.89472492101976
438,414.9354100238947
867,721.2834874235069
823,729.9937184787248
579,522.8384198811261
435,391.1300007101673
337,331.2188796133396
242,239.89850309409636
172,144.583167486037
94,79.18681614937148
51,36.93079266973456
15,17.493193965567954
5,8.052282018266387
14,5.181657531013048
33,29.610816784470597
151,139.6595605686104
430,423.517470805825
653,729.086045619428
366,424.54165554164183
216,244.6676756954454
286,264.40986298018436
403,341.5227480896966
393,358.45806419539014
376,354.9009816581017
377,422.1594257564561
558,556.9593588886902
823,767.7489177263521
693,700.7571511720408
467,502.0889428683519
385,340.03816386964075
333,251.1626194876274
321,231.99506335646848
222,170.21371775849113
137,161.0275756373135
95,116.51652145067051
67,83.29283769640782
27,44.2863086977104
8,9.304274538540836
23,14.841454826924172
47,49.48624417387253
78,105.99422979439116
204,285.48642669905024
367,392.7533894553941
435,378.5882746847732
566,510.1809675253652
603,556.7123587251755
617,557.919638763031
573,553.1110345688131
583,563.6395769058611
542,562.3113711251888
593,628.1191044373551
571,591.8960792016757
461,475.4220811652525
352,307.4941464540619
290,230.08275486640937
280,216.2538058609846
183,187.95890346066096
148,143.13318824993502
88,119.6784417832084
74,93.85696171035717
28,53.21644136458242
18,7.74731538224913
17,12.700050338714004
23,36.32452797761084
48,85.32164573139728
119,209.49054662161322
274,334.2565600665163
436,409.7494783160653
546,438.5159856728774
615,483.8576784909998
614,487.7041487127443
582,464.54003054248057
463,486.0197775345509
580,459.1216418092785
593,498.60546257580694
513,425.1238578524521
390,350.1576295078504
302,286.10435249909614
246,220.6781119731614
153,196.63782062863234
108,160.09011685418264
40,103.82174898250753
14,46.13984080859603
9,26.762859601859883
4,12.12538319072635
9,8.266068304774462
23,30.15316106380205
37,117.84533239819868
145,370.37208347081315
474,590.1146067784817
250,328.6795044529955
91,271.9803031196675
121,272.401022508948
168,308.50124673958476
225,443.6445836029469
219,496.3969916480707
237,449.85444613996367
332,530.7563225257827
723,616.5439849285569
642,553.8713205794585
463,421.82750259307824
362,318.21685110582507
273,218.21561091045845
164,152.8326961635166
74,92.66563978416883
35,38.880261584382865
14,16.698380502735606
15,7.947686379370554
8,7.201509904159875
10,5.972680177924392
37,25.252137952412426
161,112.11415305875143
480,341.4310121533215
673,593.2465198007558
328,303.0820193926912
180,152.85999926491087
230,165.7441325226974
292,200.65947447075254
272,186.60494554447604
227,161.36764142597758
259,174.0093943207399
334,283.27749038127473
811,467.72011219954646
795,601.3424175536239
514,460.72592377798145
458,312.30566560367214
276,227.0533103897334
291,159.43434748748305
125,88.88524266010107
53,46.029593877453145
27,22.891003665937617
6,10.459394232476907
8,7.728355581800444
7,6.267403793455838
39,37.38171675658529
165,140.92524847689785
464,436.2952954414798
643,715.3467075111973
316,323.3762496982623
167,176.6629011141563
188,220.8196170734243
180,275.23886643741565
211,265.2685962188257
190,254.18106159461297
179,289.2485572144243
335,369.0485951291832
691,797.9031408908583
672,819.4500646395461
539,539.124458057392
407,414.4777996387296
344,330.80498139257725
257,240.66172069584164
123,135.20182595647825
69,67.99458543434113
18,31.128897651587437
18,10.293409886198713
11,6.801259053381557
12,3.232152977618956
40,24.538763751945392
150,118.02037086846465
463,398.8944397343089
590,702.909609592477
256,352.65804987044646
150,189.6656978832113
161,222.18637851600724
215,253.49402528485317
172,250.30855785785707
176,243.92542382982907
194,284.9410687646559
320,357.9729065893072
615,746.0347295603939
640,786.3723530298615
499,532.9117343770279
436,406.62058696523604
311,315.4888430703723
243,253.4061699114928
146,141.0437276716224
93,80.2021443351715
31,36.30177294983678
12,12.260558777528779
7,3.313767631247164
10,1.7213280152145216
38,20.838819989888073
122,113.2679482352016
359,376.84254067399183
613,670.3229737026036
333,358.14549950275375
185,204.1084286752051
236,221.72540050528886
254,251.03609343159243
300,268.14713804737124
263,284.45043196607554
284,321.14395395503203
380,421.5996670023793
646,735.1354670082806
505,729.3300339619371
362,543.8392386161429
202,417.2792463096641
217,311.7412915003666
197,245.37353252462816
174,157.1922632203112
116,102.56450687587875
123,71.66361053805464
93,50.98769607742172
42,20.189045778202768
19,20.485413141000375
12,18.44521647396264
47,57.52865779135471
78,100.09446099410785
167,272.6893644780348
332,371.73415833586085
494,371.8069251135565
516,442.00803756504166
602,465.9510337440128
564,498.2106773678292
609,485.04756480670125
483,490.1517292062524
513,507.00369984561326
530,482.72589893864506
481,479.3983622071568
425,369.8019384216362
386,284.4135059370489
322,213.50409835649825
279,199.04369704831734
225,164.9167863436233
163,113.16829978533251
127,106.32128061680828
114,85.51184174393862
60,61.87953285389944
13,28.853174483392685
8,13.446222100928923
25,28.090115890428212
71,53.23116172277642
141,126.14891789397396
232,235.3402614064607
452,402.9578610849725
506,512.5835683334464
556,584.6113516623616
585,577.2339223460547
551,557.3561898308449
487,517.5733138524236
461,527.7267236448339
532,526.6444669954103
534,474.51417120055106
423,390.2183655851897
332,306.69281465179176
253,247.73507044079022
178,221.04616715650022
87,192.10595192360188
68,142.41642090094507
31,75.45889415298053
14,35.05381048360583
5,14.931556500333391
4,5.919686970985114
43,26.030714044395413
158,113.25529865187532
485,343.68498496907165
608,501.52242407751896
268,245.87683191623586
184,271.8436668444425
181,284.99093410988047
270,318.9318993549309
260,460.21179766126306
251,498.7275475540698
233,476.2740570697354
414,486.4060858484651
833,683.8486087060941
791,602.0286518159372
582,451.11899527537594
475,323.75609914204045
331,243.46638860952459
187,160.2210872340328
103,91.7730327100885
37,38.990883497999405
30,14.93918898302792
9,8.474412257767794
9,6.031179506392474
10,6.752695337414404
39,33.41793461861535
188,134.76909446802108
552,429.648188373941
656,706.8045797778645
328,339.56465616359804
190,183.05446979621541
235,217.64321928203907
308,284.05539062989186
306,282.92638921731003
267,225.19531194762226
317,238.27566281810337
416,377.13315955832974
900,762.6557876996255
824,779.9095081945711
612,539.968500922931
505,411.6729029273762
328,291.5980241647847
245,202.1481908519465
131,114.79280813784521
54,52.36486954044665
23,25.60146115556594
14,11.36251983836117
8,8.72289318111042
11,6.018024295840852
36,30.046647011699097
200,141.55203224391113
527,423.9858825887796
687,703.6307829769395
282,302.94713561483616
172,185.36988854777238
209,226.7407952212168
322,273.70133821638336
321,274.86966323161175
270,251.8991626175579
249,279.25712496228414
392,418.9420995334221
843,756.171903028539
804,786.3620293316036
643,593.5779535373385
445,490.7966264602979
367,339.0284402832885
297,261.1121176307386
159,160.2192010511754
54,89.91513621363185
25,43.37337914085248
13,20.303600649203002
7,6.593237163804546
11,5.217821337003916
47,29.384952020078256
193,132.5293811113234
508,425.40297964695594
617,656.6374528747991
351,293.16595678427865
184,169.11065588488907
211,223.02245346567318
276,275.68242776291453
236,269.1491961452814
254,257.29718860771334
219,273.4204592239213
387,406.2756312772986
705,770.7501406418272
697,792.0959376603147
571,586.457262866139
470,419.8975855860163
398,327.3608885029044
274,256.17410743756307
171,148.19419238185958
114,78.72235425727828
42,36.08999547510825
18,16.422256141540373
8,7.279919511084787
10,5.1648351922730384
45,27.731487260615854
163,127.74015885922208
380,398.77594991405033
624,687.8970609037834
300,369.0876068353528
171,207.20722971463843
188,248.848448559085
226,300.8237811135477
239,288.4709005976201
233,254.55501965126157
230,287.39235741489426
351,420.431074714216
539,744.984022822634
464,752.4160423169767
363,599.3926310906048
308,460.73915814756543
236,371.39486756213483
163,279.4895626723028
48,188.40304387383435
69,123.91063692555834
58,92.82144070349347
61,62.37267825843434
23,29.477371691282364
18,11.500935456023226
10,17.55822538901434
42,57.37294321555673
92,110.02272097579792
194,274.092763770356
275,331.5547265234056
404,301.01165136993507
452,330.6910147188602
471,372.9507539299833
428,433.852692455056
409,453.9747764170355
404,457.43816781284795
373,491.40990803513785
362,516.05634497274
339,438.95035707096366
374,346.11034048302963
292,260.5753373217181
213,214.38968095636966
172,188.07622218578925
152,145.25135570061556
149,115.53653599492044
93,94.01059208284903
90,77.00703834616158
33,47.720794983992
4,14.04643496859761
10,13.871923381776826
27,29.966278664111275
50,66.35142481230898
142,172.81435376847796
219,279.532507086208
366,362.465324900478
377,386.21346990272406
433,500.4723376656807
420,503.7717065376151
444,501.4857619634154
345,424.11799893082673
313,442.4679955577311
413,484.9996828445375
370,454.03313218986733
382,339.4628439855206
332,272.56543401941366
258,223.35282523845723
151,194.81703590370844
110,164.3774586537603
43,108.27569877752377
17,57.19290785713671
15,31.056411797056224
5,9.815069416313072
12,-0.48011095648959246
40,18.10746943581967
136,92.43350350465018
398,276.1093353814328
568,510.2556594391397
295,256.9196441477654
174,243.03887288665425
201,286.8282581840581
257,326.59805510692945
236,321.75396188199875
230,329.51030070000945
234,336.52618990751546
365,401.0022841854851
747,675.9336845436724
730,686.9101364462476
581,469.95434843809545
395,331.3158198499409
258,234.82280685706567
188,156.39653104297014
102,75.84952478154166
53,26.479799978378807
14,6.008147604832588
10,1.2976933706487332
2,-0.9625728402229975
6,5.0482093857644195
35,29.69723800723558
154,133.92280976136928
483,421.97621811002705
646,654.8078809085824
272,319.4641494801797
209,169.5076100218467
217,227.6024373041763
272,270.6772322438746
283,261.89288882386114
310,244.44373303933605
401,264.42613106761416
527,401.48815835968895
722,785.8673237450405
627,802.8623655522201
497,540.9407391559909
376,395.30952033880567
196,290.06732578513163
177,210.2181119118459
171,119.6337270088507
159,63.73896539887894
123,29.00951331787076
93,9.979205999839069
32,6.239023331483804
16,9.621934962846924
19,26.02294604541139
32,102.51853586139933
72,365.74221887480894
153,682.5762244858557
293,333.55837314145657
447,184.72322449910286
485,222.13367107902513
494,273.2390056323672
499,285.5238554455501
547,253.2148676067965
454,317.08784062800027
389,499.75913149196106
414,782.2588231062829
430,706.5993568560943
432,485.1699138513757
551,358.1434724675827
584,280.9964807368581
502,199.58479719217002
183,131.64618470835146
88,110.4869239568319
30,65.89423972213753
18,37.05009938092704
7,15.749851343092221
7,5.142222119219937
29,26.90779669992578
133,115.66874071304433
343,362.2967870905984
550,569.0191712070255
293,293.8448156245912
186,315.8401850459822
244,375.08496578294705
276,443.54290230772057
310,492.18587253981667
241,529.1989029017533
254,498.727820347872
433,498.0043301298607
689,686.6703443503711
607,604.9160222242631
503,449.1627309958574
321,432.5094991341418
323,477.3427010809699
225,414.87830230474304
131,256.86704917576907
102,205.73623227125046
29,131.47595682872532
17,52.598554931606365
7,28.072563173424037
6,2.919475497696828
35,23.348015582754858
131,115.0760787119002
353,375.1973825938041
585,624.4182422453733
304,316.21872270132303
210,168.87320690513224
233,212.68822716412012
331,264.6073302856098
293,273.3148549473142
275,262.35239249293966
285,261.3804516569771
369,347.99246609028035
576,593.4042461638052
560,576.8754388433767
418,469.5844455424386
336,345.1911844057002
300,271.38402515123533
288,205.08451353948828
164,127.5803030790786
150,102.2392846576577
71,73.77308775384755
58,52.1504791068107
31,22.568381277220812
16,8.919801641272835
14,14.004698358662246
31,36.87154248537424
71,83.79213602886175
152,219.28690390506242
256,321.48209405205137
325,384.20876094865895
367,433.9567770220962
342,468.37240502979836
360,467.2333921154025
308,470.4542424887062
306,469.474606346118
294,465.09895524552473
279,502.2286858583253
277,475.12925640691145
287,376.61472932066624
276,294.6298066529937
201,236.36571978608453
220,205.70873527567218
148,158.9751535817487
147,120.70942857011259
124,91.98418076340246
70,69.77134080580322
35,39.96969353316693
13,14.728162865981645
6,10.271291792222032
21,18.468588630872038
52,42.82014290992372
130,104.7741032612092
242,191.44531970804158
319,283.31512197238004
389,386.65745125941913
376,445.7930028305086
337,429.979872487639
312,434.71738274212674
298,451.4597321582772
291,466.58747189459973
270,488.66110811742146
253,481.9771154509757
250,399.1661282929747
285,324.5908267086379
207,282.54541032094517
122,237.39524381275328
123,184.18697466217904
39,104.73282529227151
18,67.1182686577242
5,29.71006271646721
5,6.495996252670708
2,6.811991895125755
28,21.117958014725414
92,87.08728491841092
230,228.1889796244426
455,387.04163641295065
363,238.14417379520012
175,118.03451957910247
216,125.24555424255931
266,156.64726648421595
255,141.30412505945932
242,136.12344235636465
280,128.84262520928556
413,209.71735501600267
849,399.03435481396764
872,439.05195546403746
631,319.2914886780385
447,205.3911676481924
331,150.71004237212142
224,98.23199457197092
131,63.22372784485625
69,27.260379903914746
15,10.787093129392215
16,6.549991093848447
3,5.009855938684923
4,4.943604864740536
42,29.685232667457836
187,128.18977069329028
520,400.3986868424187
649,619.8999667396525
331,367.01737234000575
190,209.26372467710664
249,239.6554642742813
272,283.5216630937578
280,280.33410707488923
242,272.945025379237
265,349.27711326548837
435,540.9773680688604
872,777.6074271675743
819,669.8758402277784
414,541.8653964548919
84,422.2916610783155
90,304.5174257254069
139,205.78186688764683
103,116.81032176563112
44,79.09486794143794
14,35.69534794100289
5,17.101812593859695
5,10.067795726936753
7,5.881815546759584
41,35.65020068375457
185,135.87884610672558
497,414.85968539002556
674,633.5510414117712
328,300.09149748226343
195,220.43971547741612
229,238.38952299878812
292,290.82484303905443
273,314.903779992544
241,364.1576472962396
276,410.75157752219957
411,456.17928886354434
830,679.2107160535153
814,694.794137344003
633,447.846274605325
483,346.1874034046673
391,294.4371607662615
244,193.78850166001612
152,125.59844087794683
56,57.847270770997056
21,28.265688949820422
9,11.256823033158478
10,6.522983791199949
5,5.708269506501536
44,29.19253479446283
178,120.89338890767725
512,408.10283187133683
702,647.6637895252485
327,307.78443293150417
214,182.82724593487762
215,234.18423674362276
292,310.1298199073335
277,329.2521402163093
209,292.3718300375473
271,320.37131927081145
439,415.12340069475346
795,735.9264171400555
825,746.5795221963541
629,570.1288078051698
514,426.0763626360226
373,340.0511994877153
318,250.685593504591
211,139.15904074090022
95,81.93126080682326
59,38.97443879177154
17,14.224544056424536
9,6.326870153104108
11,3.1308367443216847
34,23.779772370690445
127,120.24460599912834
380,392.1747511817359
713,604.0735325507706
414,306.1137132963033
268,188.9698443019147
288,247.7216963160412
379,315.6969451547849
374,339.254750831837
369,343.64035943088925
353,358.7689967059761
492,460.25866248822723
835,630.4816696939628
631,596.1365174836372
488,499.65952450110484
389,431.5775922948728
299,345.0238158877661
263,259.54927438185763
212,167.80272589424547
191,116.981861103094
118,88.90135948478016
101,63.113226834221926
40,31.248870040910525
9,11.38626188705835
5,8.639653368153718
35,29.80682018888134
48,75.00982904819203
151,158.77869570561353
282,289.3085880301956
401,366.55679538885346
439,436.0838100745371
499,458.5494912217332
591,455.72361032063947
632,481.2524101687694
560,495.3267911471745
566,477.0009383898212
458,598.2448521911197
351,567.341071347637
431,462.25453557850216
356,366.0640516771592
269,259.7187282304237
225,229.5513985904095
211,173.35504789962403
187,143.78597626660155
168,119.93165488099488
115,99.21945526671155
57,68.90729481613492
19,28.362245750590297
9,14.99574335130481
15,36.14099340391162
47,57.88022089349722
133,143.3598543486811
221,258.924126786822
382,363.5252535716907
451,387.9291107866269
489,428.2279831079819
480,435.4152186652171
476,435.4820261685808
489,443.88614323809117
495,450.29046208240106
436,415.0199671198773
312,415.3851239856121
312,330.7843107840234
294,237.43480688288375
223,200.18710117495914
130,196.56042552956137
91,172.0072727281344
43,132.06001714982318
11,99.00139202332802
15,54.5686918329841
6,28.94637277773865
12,5.916344277394573
50,25.35281619713043
140,113.52942747678449
483,348.62827933004473
667,478.26861172938095
348,283.3988226738046
186,222.4013927321001
182,237.77897700074152
237,278.73353939486486
239,293.0369428110637
212,293.754473496299
237,301.3339727291636
386,392.2969388561574
755,727.5609559918107
794,666.9060459463071
595,455.2390323683236
454,333.3551955692165
328,235.91240520011155
284,162.83401056635932
166,97.16148845743663
53,39.336990646871904
25,11.81186603360679
7,7.782378951366908
3,4.45537409502289
7,3.390664406334814
38,28.99938265598307
213,129.32087763423291
526,417.01703163192326
661,681.9044623423455
320,375.89378823464085
159,199.38341738387493
206,222.25317514779803
254,254.56157976069878
221,240.87855095209108
214,232.13083524178683
244,254.76870322293266
381,393.5711589637492
770,766.9120557405822
772,790.6326829605357
547,598.7612165330953
427,468.7307976099414
333,356.30282016108015
244,251.20445639974577
161,133.9506037190835
53,64.21167221237718
16,26.588260936247302
8,7.01947901497915
4,3.273057494027252
6,3.8720269035958834
46,29.63946595545055
162,133.10679912736495
495,406.94791974055374
679,686.7697041920114
297,320.41611967198315
138,174.72362228200723
183,227.21735948983576
202,273.08796130398974
203,273.81351758701624
170,245.61106316846383
194,273.4582599823326
224,403.1480968799191
370,780.8849148643263
643,807.2295929154262
516,539.006451057835
366,391.6032690278073
319,309.9602953441529
288,248.1096730477377
131,142.61662215656605
66,80.8481995768151
25,36.38742358803816
7,13.025680991729272
5,5.008102214907161
8,2.782713435072251
40,28.445414377593803
152,127.20759082116723
473,406.59015382810213
657,673.47546759261
318,326.6856854337963
198,174.15311455247166
216,221.80323319833352
274,266.0561985643651
254,265.223164332549
197,247.2963321754477
292,247.35847361105104
358,340.10965202491417
771,632.1790195574557
777,700.0392304548913
533,517.7670852727825
505,414.11914920428796
332,306.0219325446523
68,241.48319011579343
65,144.6638972347307
34,80.00959465577883
11,36.31586329385966
19,11.977348302305103
36,4.104852939012055
9,34.47359470731664
42,47.14898795462388
126,110.55599959757228
360,319.99095845351314
691,574.1363828442516
373,328.3641931546628
233,166.2416031248802
212,221.95098645618617
274,268.3090814000755
156,305.31790387955544
229,318.7289873299652
216,328.0846366188876
436,323.1404261794346
715,578.3754778878416
622,611.7451038514341
402,462.504065954641
251,406.02671431188236
122,301.15835165965586
135,218.70157716628486
166,157.61060919889607
103,131.65771916783834
72,89.41568556504566
60,64.18355864680355
25,34.15949235664297
16,8.129098175257297
17,10.971090578840135
15,18.391825231623923
37,45.576343346742206
112,97.59536958327946
207,152.92051062997797
268,177.26180948324298
305,176.90139466402118
457,184.168655681583
354,178.5567105488097
343,195.70832050799962
380,212.43954471306142
326,221.48655592227541
241,174.11826035166135
177,128.49259939038978
238,136.43132290086464
214,122.35042183797961
163,84.65365591469595
180,66.90931647864151
149,58.03636102183256
113,41.28367300568184
130,28.338884771204537
122,18.84471350404313
43,10.39194343168945
16,22.76384497555823
6,12.930533465994063
19,27.55166243315646
38,47.355058308128015
153,131.65807357316737
258,206.00789022047613
379,282.6390117691597
505,346.3908461614974
504,330.47030947555237
626,327.2065635613996
616,321.5571875844083
624,300.3799468806472
628,292.9404670793978
556,297.78042418595317
515,275.42186979394603
522,224.60024751001916
378,197.73038639937656
345,171.40325160978625
191,153.51165440182743
123,120.36804851456276
47,62.86274100223443
27,38.06667529803667
17,25.28936111671448
2,11.83145864122352
8,6.732903830176678
51,25.103404077490175
157,119.06677239378187
421,364.7709969642721
738,502.9980065722542
345,272.49314594634853
200,227.03787399644585
198,217.49216807104509
314,233.9173755449498
240,247.3423380101971
271,256.72689793334314
281,283.1721728909061
457,343.47353215424357
847,643.4497160043511
741,677.4183000450622
582,479.23489731868835
403,309.7043869568917
296,221.39302534938886
209,177.71043472489777
114,115.15735289470709
64,43.30497420464119
17,18.501019014607703
16,6.670966444386912
6,3.8099595451403423
6,6.305993596690095
50,32.36832741535909
190,151.30626307244157
516,447.1987988095706
743,716.7106862348963
339,334.11460502193404
218,195.29487642288947
201,220.19489816506652
229,267.267739570452
273,249.5359827674595
244,234.45511949943045
285,268.3543264201079
455,366.89029858014317
869,778.3569590653318
877,799.6415991394609
632,547.2405019452871
523,437.3408363013301
378,316.051621215342
269,215.28004264299364
192,123.49908053480748
66,67.24263713634696
28,30.92479484743514
12,12.014346010126639
12,7.120704948855848
4,9.576959044658912
59,34.594776795211715
190,143.6746309917942
507,430.8549223916882
788,721.8528580589931
342,325.01420515231433
231,183.63380116134311
281,233.51469911027607
310,282.4300048983792
312,273.2410272661092
247,247.59692454183912
317,272.4569708313342
484,401.37456564285964
913,770.441290409021
891,796.8593321278294
698,606.2335153331007
567,510.9590472849401
397,365.6036801628511
278,292.1698046361669
239,188.37702915823263
92,109.43774502840003
29,47.70258491420814
21,23.911336554681604
8,10.985422689199636
4,8.243753409456156
42,32.1538926903653
181,141.62671261956461
495,433.2984950799947
729,713.538754167948
344,316.7307528459398
222,180.39837480785187
212,233.22670505353997
279,309.2337571097574
242,308.5922138900964
213,281.53357773463983
238,311.59219998200507
374,423.4613028224407
738,800.4754063808315
688,826.159216419255
614,582.0467238216324
446,470.286744301224
271,365.0833875103287
234,271.68024774973463
145,179.4786949354553
97,97.48877722363841
54,45.07251094060945
26,22.30089732010093
12,9.38845165139891
8,5.79773428783586
37,29.146808830935232
139,114.87987393730613
410,391.4870684294243
676,704.673145601268
363,363.41110011538365
231,217.08109360827427
251,244.9660181005784
299,293.59019293953526
314,274.5694785975805
326,245.63412419953082
323,251.0602428998419
499,391.5453250822415
699,782.2122760838326
622,754.2041194983151
516,629.3733224883935
354,489.49905863234414
260,395.25632156564575
199,303.49717945507035
189,216.01449158315765
191,144.5908900701842
80,110.36716069171754
90,73.08602034162078
43,39.21619682384009
11,15.201817022527642
14,10.010085141336313
50,25.498427093668983
76,68.28253914980009
163,156.16786777647803
337,261.3478684072008
395,284.3355170781076
457,323.91451758159747
487,394.56051361700275
498,426.2212340443383
494,443.8031192271002
497,462.8103789089743
487,506.09317256177985
479,603.0692090284624
481,583.561673530553
338,510.35237137943096
233,371.25757609699616
300,266.51685707087523
276,218.31501823285657
208,163.6622492971978
188,137.82919055021122
158,104.20331923000066
112,85.1624843942976
55,54.80545043691678
13,27.057538984478253
17,17.981077912440714
18,48.2878457989461
40,71.29221023303955
127,186.02716454968197
226,294.88417271039606
381,397.3058270860749
509,442.331582687166
511,452.18359797932845
483,563.0034658173278
522,578.9163901168773
501,552.9532145842768
521,539.9896690972901
531,521.3845911963556
419,470.8792397744723
443,394.5791486792819
303,330.9210095939242
271,273.12930833329517
148,241.87137852424422
100,180.72745163288695
58,121.39668659466079
19,83.99674140846902
8,48.27840536924659
3,24.209750124330686
5,5.653558655211499
47,32.130929384611406
161,123.24823548380509
469,364.93112153136326
751,533.6420330710408
293,308.251752450829
189,237.73287528906985
215,261.60680985106256
278,267.7521532054413
226,282.2162086676044
254,288.20254463622416
236,318.5224500712452
425,483.8044795929672
827,741.9266243855982
812,708.1622651957281
665,463.0742968896944
462,346.1328537126346
322,253.30128603285948
230,170.34290139854804
150,109.55922234047266
38,40.42202563727439
21,13.718134098476263
8,5.742886876146643
6,4.580631547229604
6,6.592636843265777
45,36.38898344928543
194,154.1218882909476
513,452.92897718263896
760,731.3364476764334
333,350.5123222152374
227,197.1557587067698
224,226.74551747688696
248,270.5972728579918
288,274.90594147716433
260,258.1049806203557
144,292.9879068334864
402,395.48462274310026
820,797.6759141758322
857,804.509692035573
614,577.7883388752626
452,453.03140559768434
352,327.65225435548535
257,230.3820360804526
147,146.13036170480993
47,78.02818663035993
33,34.9555051097456
13,13.389079031714836
7,6.636969354616872
4,7.535087699765309
49,32.34976243507872
185,146.133786991012
487,436.5057259313967
681,724.9706526781679
350,335.43121745516964
236,203.66344218928478
234,243.87115898772973
284,280.8138296157024
280,284.46437422844923
263,260.8597635030539
295,291.28023858131775
479,392.1137053371624
837,783.9746865452327
891,818.2412367740878
652,587.7058229034096
513,452.8810806422078
320,313.54287510594486
288,252.3218859187124
152,165.5843724072661
63,95.20482761633664
42,43.45455025912872
11,21.152799160727604
6,7.4600394359286035
9,3.907964210766941
41,28.119896416180755
183,135.2094774248365
473,418.05886521313965
739,719.5643712666504
343,380.79788072063604
181,216.42675180751374
226,251.60169623558662
286,289.2024052917713
310,286.441071503246
225,259.6178542064188
270,265.331301917825
406,363.7936158907009
865,782.2629134107927
767,791.8405217797648
607,592.6772016530197
427,484.20094522717665
342,360.08535364145723
262,265.9899460599738
177,168.82699197648583
71,97.0911346723508
43,51.13777552802795
14,22.932039083626194
6,7.329928958311015
12,6.893366714862863
37,31.754535858766474
163,144.20918535072911
421,428.0392968460021
668,715.030898746777
396,387.7860889092861
249,232.33941278240485
263,275.13117979163667
338,323.6528498642504
345,324.2983762167203
331,333.60026628684096
380,365.9249183580328
492,447.2415224817376
741,747.3582408460696
671,742.2339639068194
469,579.7449028382279
389,417.9827729450276
278,332.57882730074
202,269.9549601887514
196,177.10102115451087
161,149.23512725160253
122,103.12985799428728
84,74.17556381543463
30,40.142681130751605
13,8.64375044848662
17,12.212254212266178
49,33.00009730892621
67,75.87044306654082
181,188.87577583687707
278,304.6196730166566
396,376.2815576767504
470,439.2251996578789
547,445.0177134404544
527,438.39929222539854
472,439.63767805169226
489,424.97726714847397
450,412.05603039574436
492,587.5700942249075
490,617.8274182390544
397,495.4267473853617
312,339.551961994586
289,246.62978181213134
269,220.71262447119432
222,186.41015419605
153,180.5435426350417
87,136.7826236404549
73,100.91423677498229
41,65.63644599627436
14,15.668232084129908
19,13.79410192843687
19,27.827377130432787
68,59.00447756799683
108,140.22421944059397
229,245.54630986903544
364,386.2918860458793
437,431.44476571327795
491,455.4679141106961
523,451.00171111016954
526,492.94246770549046
450,441.3076484199832
421,493.18699671445097
382,514.5356770670855
229,457.7458038607334
185,358.9503910214164
193,299.6140418391881
208,244.77204488584945
157,216.74993984689917
87,186.22817028660228
33,120.83905189631349
11,50.509261987207424
5,25.4569455414723
5,11.087584888819828
11,4.240794253459544
25,20.37650847975043
141,88.82576318935418
407,235.7793301917962
605,452.04500155147025
276,245.58259535290034
213,155.11857917069062
260,151.27548258186238
285,175.0415774169696
289,165.47792076011908
287,162.33171933955674
274,172.36302821526073
451,259.90588558392585
858,432.2207078699797
843,449.1314137763143
640,334.7567713716948
457,208.76954020238495
317,145.77201197699083
207,95.26847791664913
113,55.987125045636155
47,23.971000729695728
18,9.337226017888193
13,6.00909982349138
6,3.8868663483672905
9,2.476647253981714
36,26.644201475626254
179,140.13149946422183
502,439.4164313466079
705,726.9279784805424
327,348.7761993659199
250,191.4009647449926
214,224.5722654029121
283,255.02304816415025
253,266.18184284853317
261,274.5589920057185
306,265.3480409556862
445,354.1414016771875
868,730.4866576614489
814,801.5372757862905
610,574.016061493153
448,415.2541756082451
317,282.8042875615259
224,183.7760155039933
138,101.80897805658148
58,52.9373831597149
23,25.548162864527637
6,8.219744635413516
7,3.829044834674578
7,2.8974573837604556
43,33.16319182467068
173,142.7276177290413
482,438.01085549961454
737,690.1214901042196
341,321.6529379240805
214,178.3043329626255
239,227.77146525256816
280,272.5144238794319
313,287.0388400109584
236,259.0307080015472
278,288.69222028686954
441,372.4051073167738
858,767.1714182898143
862,814.0325838139141
686,593.6448660860477
500,436.60174438291506
381,313.86361832196377
233,222.66049877866834
136,125.79263002912694
67,61.53468465648841
28,26.041024990357677
14,5.998062922335888
6,2.6571224637630317
10,5.747393138688792
41,29.909425648826247
167,137.48558384314995
475,428.4099710032965
698,734.9003600053694
353,350.08416404939635
205,191.5865017249448
260,242.08716620670035
277,303.16098098215616
281,296.6038337284047
247,267.1680422997642
267,291.09081551944627
417,374.84510187819467
810,789.9749086692317
811,826.1380117187913
623,594.7219112071069
478,479.2296880053269
336,314.87795665786484
259,246.1170707435011
156,156.15943046739218
85,87.35097403902085
41,46.91856733185172
20,22.88584390403335
9,8.273201663183533
7,8.34016478306045
33,28.226788327037628
44,126.57140004004697
133,406.23057316379044
119,646.7952842257862
220,393.72971117787233
193,234.61988802751338
251,276.7495141818812
315,323.0237044202853
290,343.71811928481367
307,335.6830035819041
324,389.40254839832625
467,455.4222737179909
730,726.3811891955288
640,691.0820617908497
492,529.85501986061
370,413.2624451206825
286,340.2218704102124
218,265.89461662145754
192,180.2677413747647
180,141.31925871410547
116,105.3875978502717
85,77.4198024633981
21,39.229495309093586
10,8.361102409895574
11,11.95594713663021
23,21.895593093722898
62,53.48924112019314
162,115.69004164065004
271,176.40799160349144
407,183.97283692265475
499,209.62664763578707
546,297.6999805728056
569,386.06568708353745
538,407.6375177184091
562,388.16416783524727
531,303.83732294899085
512,397.70059058624247
300,385.78511892340225
275,239.48026275641413
160,162.2115496561553
128,123.5485145660555
168,105.96872672397907
163,86.07586341645037
120,83.84418562087262
113,64.70404755375911
86,45.5087827860525
48,23.706881707323607
10,23.34536955100629
10,15.609672369006455
16,42.515088406574215
39,74.73402839202559
119,189.2108495073249
217,310.5024377413553
328,392.2378970704165
449,435.38586297956095
505,460.83589258544936
543,511.040291954496
579,523.131170147946
577,462.52839024588206
513,467.04083292082566
505,469.90892229339926
491,478.93967784441276
465,401.5672256565963
300,291.65771428017894
220,233.49088357682933
181,204.7282278502504
110,166.97124910526017
47,93.43830283681375
14,51.36314996142539
9,28.279400044322646
6,12.543369596712497
11,5.210506580955329
36,27.51500346780639
159,117.2670115482462
436,362.84299206182436
673,521.4749272910459
305,294.67541218238176
199,187.97003884184585
245,225.76917240759994
276,314.79125761402986
254,440.7492245718187
248,534.3885759853084
274,542.9340620439833
464,547.8891079104181
818,623.9503832805527
812,579.4014571491923
555,456.3070382608756
432,319.3012261120237
290,220.41508198434553
192,158.7079258268668
128,96.2883714228259
60,39.10097138615386
27,14.517617274210766
11,6.152826148328474
3,5.346778406771518
5,6.5267531937719845
36,28.712041330210866
64,129.97335221923552
179,420.06596285829687
618,653.6354809172852
402,318.60457495008166
208,141.84999537789898
196,183.74867624726616
300,228.10238993464645
286,225.51844452329743
255,218.85107504754447
283,239.1602222112995
458,354.39149854847534
812,675.7158206970736
854,669.7159559632398
627,469.43260487573406
436,332.7859452789428
308,233.66400408388512
189,167.6997068101683
167,112.09490770474781
60,58.86184399364991
37,27.192347938922545
8,10.444222678122326
11,7.205177195674548
4,6.077040059983082
39,35.79340117930262
172,113.73844208514389
492,367.3543956024556
682,713.2992700503783
367,471.1037482327706
233,235.44370790997442
235,258.45500486916217
307,306.6928908896553
294,312.7471040345417
255,295.8597660403875
266,317.5289816444318
431,415.24249103893493
851,797.7528846955261
848,828.9175803016875
649,594.4858392855743
427,413.6169646514037
315,308.71063083005777
226,232.9141418345315
138,140.37639104703638
76,83.46498105654493
21,37.83531837523228
15,14.683791933784976
4,7.042375201331343
5,5.840815032868755
37,30.29691339235353
165,143.65277872744872
464,443.0889718621117
682,696.6822835919515
337,377.8705641181217
199,222.57957954321242
274,261.6829655953946
343,314.16043996856934
300,332.4284284243563
248,322.24773814293644
260,347.66677317703136
419,460.0177159872045
897,767.5727475397848
832,779.3777163332151
677,587.6659639743494
514,434.74744417302554
356,319.46597501045176
254,237.3290144266774
226,143.85066273319205
88,84.43035668021956
54,44.209524203485074
19,22.911712542012264
6,8.34953532979191
9,6.750262439270595
36,30.89559496016303
157,135.82367399446048
379,404.7851325693489
668,680.4422417465669
378,271.83341593508527
231,161.73759428753345
303,234.8505249378856
365,316.02142121831537
357,330.32169705543197
328,314.98312176661267
383,362.3387378706029
488,477.21761875312154
791,781.9867627681072
669,736.7572807796503
491,626.1628672360148
359,491.49841565024195
255,333.52078270862347
213,269.28400385389705
121,196.98482374164251
105,159.62971248822666
92,106.55570426954156
43,78.8518219713862
30,42.16692452481761
13,9.996905553553939
9,15.921436070907255
27,50.04531175974892
64,104.8109449794314
189,286.9834306506222
292,321.7024963707976
480,326.8567982891163
536,361.51335831141427
654,452.18092804071966
644,473.55498688519924
598,456.9331727856396
596,469.79104853983506
641,502.88965296963823
635,576.2450373429689
554,599.3000561407806
488,489.59696067335227
341,337.0295404487501
338,247.40380937627054
261,201.68993638726062
235,166.57267225515798
187,111.43805703693293
131,90.57810788782925
119,66.13194378060761
55,36.86989504860026
26,31.561359381588034
11,17.68056251349882
20,50.67180470578252
41,79.82753970787444
124,185.9493927994207
270,259.31145073776315
425,396.60637060064556
272,410.95745695508515
298,407.1073153470832
162,461.48703561766894
149,499.34813650591366
276,528.6151475753977
356,504.77454361639906
343,440.63246904854986
377,397.37474419613915
341,335.28843798470865
274,259.53261420173976
190,239.33702452446366
56,212.16702960794606
46,203.91867882906396
26,160.64120944129257
10,91.81021306040645
5,68.41016155592372
3,31.633619522654914
7,8.217974127620533
37,31.875787668385062
161,117.68209002759994
442,359.066244549049
655,503.7991097924893
357,269.72256070094363
193,255.3326221047125
241,251.40015685648947
282,275.21052802140633
291,264.3734905981215
275,231.15267412077583
309,248.38881424644052
460,346.1900097944944
893,486.70529966666624
815,580.5478180854777
299,412.0433663958277
261,292.43972187937203
245,204.17005718425477
161,142.18667010054824
102,86.68611505848162
59,37.875505004841
33,16.14493087681442
8,7.328350871533863
3,6.249972764967961
4,6.087158551581884
34,36.023029244102126
169,138.0219115060244
519,424.65526694291214
723,696.0716428117539
328,418.0804602031782
178,216.48004137475868
256,227.52975236719615
305,247.34480121551871
331,253.90665913187334
302,253.69825362993072
302,259.53995887072784
467,348.73268221296416
878,703.0613815128996
625,720.8587047355894
476,444.90576830994473
358,306.0475407464859
280,210.6481644555929
232,151.9952386773436
136,94.25238590670149
55,54.976915091939645
21,28.718020853052856
17,9.97610168215925
7,7.189943572228571
8,5.554411480142537
40,29.01204445321685
187,135.4445824868768
553,422.5328146450014
740,692.4750397193611
376,348.12917473088345
225,192.77940944284575
267,231.58928761038004
312,293.6230118100851
316,268.85060413874913
266,263.13638012624335
316,284.29922202824315
460,380.011691787047
783,751.3066358865865
683,759.8884816375428
580,499.1087580826713
391,324.8497145372639
351,240.07142766482693
281,184.07241569826917
140,110.12274486205844
60,57.63280511325945
25,27.343140051535727
20,10.681524694750703
9,6.29023546221494
6,8.546423960477455
37,30.804767772696085
192,136.78891854225793
481,422.19631906010125
707,712.3104883374914
412,392.4602505603153
233,235.07035969925442
278,286.4391641787103
332,320.0846726266007
346,317.9757708048059
305,317.97332752268153
305,336.28727770164056
465,428.4198043030952
820,756.6764873893538
941,759.7233102347877
633,547.1808716372169
474,425.30194205139253
329,294.7476559214051
198,238.792895059843
157,152.83256101620142
111,89.01783337199919
42,47.18212272697974
16,23.471906270533957
8,8.282662573899337
8,4.092897218715117
38,27.76280631214132
151,130.48622326555744
425,409.9061252975106
744,684.5179606578281
389,397.96978304839143
262,219.46991386982944
281,260.4115641949266
371,340.6406607845036
351,345.15242552817915
338,341.07592211113007
350,390.8866365659029
515,486.35270248994476
812,772.4446328199682
736,729.5749241324612
536,582.0254019036599
363,414.8706452172512
306,314.5846626721468
251,244.2619641878952
178,149.97194328118903
135,126.04741789344776
115,86.88361445422305
79,57.500216865191604
38,26.722170471588246
12,10.579430761768103
14,10.250928814125599
30,32.72317611950953
102,72.49228159482882
162,180.6482788041842
288,308.2659411118108
442,402.8901735771594
457,475.0962806064702
584,559.136783358351
517,608.2427151045775
482,529.2095385659354
233,528.9057937493748
434,532.9900619052925
403,566.3636596985469
383,534.5749194287191
354,442.96513993627104
241,309.62409821786787
208,249.21762285731796
182,230.3854831050485
158,189.9053291088643
134,148.60608005881025
134,126.26600558006311
116,93.376509185197
53,59.75877583050387
16,30.277064371210155
16,18.928453181242478
21,49.98738423903305
34,77.0662117300135
133,179.37827069961259
263,242.70438589344258
385,308.95215004647395
482,307.3623892059994
626,352.4546720859691
541,362.1275840017542
377,341.76289710194186
391,365.28596140898617
173,345.66816755018095
233,334.76731255518274
264,329.2915928328052
292,266.42751130061043
211,211.6572419759406
166,179.30574409852244
114,140.8242140795451
80,120.79617795245271
32,62.89828001170099
7,31.883736691001342
8,16.979475084052297
4,8.834186750468447
12,10.082993219293574
36,34.02751879247605
145,125.2628343854473
433,357.3579725263043
699,515.6725598728827
342,311.37011790887476
206,227.28907604144615
229,229.82982477737377
283,234.00341942951516
288,254.1650008452093
246,262.75088323431936
282,284.27554361075573
444,327.0337329922167
845,443.68651207425916
834,487.68038353575776
573,356.1051825311078
416,270.23307182676353
278,203.13021720568935
161,143.75653722655449
114,87.10843628934755
38,36.4424185827711
21,13.637431328937488
15,6.056372050903226
4,5.257199877070682
8,6.224460708779542
42,30.455614828137726
147,136.32711487897396
269,431.91669660834606
693,699.3548607156067
395,345.58921222497855
204,174.9832811786626
218,216.46204360582504
297,254.18597136954816
288,279.9204524131129
251,258.3547920442691
317,271.98372082479756
480,351.5094808663175
864,731.6277758365272
818,767.9444190209905
597,555.1884627251596
435,405.41912835656547
314,288.56578342437825
216,196.69038959065696
109,112.24152096595628
47,52.35349222779126
14,25.518909731998136
6,12.080992482798678
9,7.720597893865715
10,7.185913744256276
40,37.968141629997945
181,143.29711419309334
554,415.53869032215414
808,693.7275621182108
348,413.78515824118085
178,227.26075499971734
253,256.9895075316576
360,297.8473245165077
300,289.57983656819073
301,274.23977391750736
338,314.14446436321634
493,428.4926141772847
870,777.4420151224682
812,792.2545977884986
643,596.2709840086305
427,446.68097427201116
313,314.7342042935156
235,234.57879912038683
157,140.91908172351694
65,82.08824593497704
23,37.72070838501242
17,16.00292794694616
5,6.920800497601848
8,4.244737992172004
35,27.839778584948913
163,137.75385836822682
532,430.1644416819776
754,717.0262761499864
396,407.21510114172685
234,222.1188145962251
276,255.0411633933602
294,340.79462955387856
290,326.4628310379222
273,306.9968781749482
338,337.27370171017066
482,468.6197219689053
844,777.0081451663071
853,769.5984672676925
610,588.3496219282615
471,430.0907261948776
307,307.5447963581812
291,235.71508378270832
152,145.44639401908142
82,85.88683997342824
32,44.04253765342721
20,21.69755930412048
5,7.185797123164039
7,3.2407738422692156
29,27.894365308905567
108,132.42574180877855
421,411.47748765864065
690,714.5901292915718
398,450.66048337995255
256,227.6689368969506
309,247.6249055517724
410,308.2313479932468
368,313.2645477844252
436,302.7928851301735
526,321.57604471514645
528,453.56469257878786
617,769.287222656957
546,800.1764636075444
452,581.6745618355935
356,414.6975177056889
303,303.1312130709858
277,251.16172832103817
174,166.38160540310386
168,115.34049178851009
79,86.10915840801465
69,60.78171491929315
35,29.960599527988848
12,8.665310996406763
22,9.45928684045546
36,30.549450934870325
66,94.28613913663521
162,219.3297530817547
237,349.4975495522253
417,399.10098736231976
492,468.3039147917689
471,533.8616871344414
504,532.0974567949869
514,494.8869944628243
563,530.9461367383888
462,519.3776152585274
463,540.9355272518793
442,489.114779796733
392,385.52681104115345
207,311.6077215098201
104,262.44569508064995
78,244.7439219106795
145,179.29808123815076
99,145.39770251923886
73,106.01487270251364
84,83.33144791182407
42,44.67439142155387
22,22.09657518862565
12,15.93701660323927
15,43.604212615080876
42,70.76392397191242
129,183.10436450680922
232,280.6479295046499
388,364.4979843290948
489,389.47687157282456
545,552.1304924168136
493,509.47262634003624
457,438.1806979054996
355,443.4973304257097
474,423.68717793541026
503,410.3529127345023
500,374.1832385389313
292,326.11932815359074
104,246.1267444898409
171,211.15398823576848
166,187.82783945964096
123,152.66187741255953
104,89.1948864051951
55,52.11236227837685
40,28.89640664929235
28,12.301479028313898
11,10.859231942880275
4,25.79188931479845
15,80.97063214508222
43,226.7395961045115
127,418.3836165320707
229,299.40328344637265
359,279.95413018651794
459,285.1254866204546
543,328.5496847275253
566,359.7609814433959
512,356.39861223668265
449,365.8018871239231
500,408.855766592073
498,686.5773401054456
482,671.2425785368974
374,442.68431525836564
261,299.06349818979965
184,208.79240704639034
121,150.27683217883393
70,96.25461182344081
29,50.31282878203836
24,25.50468201211302
5,10.362374344284136
10,7.576584726699223
8,7.142906525628712
38,31.945212012123314
172,111.03894116565185
493,331.8652275644748
632,501.82248950290034
323,293.13414918785463
172,221.06437436927584
198,231.23350573202126
287,283.69701831655493
275,309.9182133001289
274,414.6253991566785
292,431.02515335458435
458,528.718320424113
856,635.6187378453712
839,559.3320858597534
552,396.34167779643656
385,293.2967888370417
268,205.36100660597174
179,154.70453522745714
95,92.85108781992162
37,38.96216625629867
13,15.685597773770679
9,7.412143951243782
4,6.175097199298163
5,5.815344908119403
40,33.10183639615616
210,142.31493771678873
500,436.00551933236017
725,713.0724051893201
290,325.1227454339775
235,173.10438384455114
217,223.61573920187402
266,288.84774905250623
234,277.10803376023466
211,269.4973118268825
245,312.1650094606301
430,393.2250379052515
863,795.2640675543382
839,799.424736016107
662,512.6018459563641
412,353.17745159327524
296,269.2301254400298
219,195.46822393974887
150,118.05874490918771
65,50.751264662345974
18,25.78093716665709
8,9.721096352047692
9,6.74601683979899
8,5.738677953721901
38,34.027148289294736
200,138.4143646810233
482,433.4603925742475
646,722.3106021225686
123,386.51922629214863
49,225.587183991221
62,250.5048601801641
137,291.3273214428967
191,281.8767695372956
216,275.0625227678774
270,312.4117094306294
416,383.8825423262385
808,774.5497627207234
835,819.9765878178802
558,589.504855816828
406,430.7810236166711
272,323.07928227947235
217,234.0755627259113
169,144.45446878740134
96,80.28353926046516
29,35.59456556129208
11,12.974605998017477
9,4.8338977421266325
8,7.096051879838465
40,30.038489826321424
140,126.7779101389579
486,400.606310502201
719,684.8673017426673
344,359.90485621462295
224,219.62618679734643
296,248.45585026774378
323,283.6448065812711
354,311.71851956157593
253,350.5947678529564
331,441.3613223334563
470,583.5980060932726
772,727.4709198831275
792,671.1240980125644
568,519.8624029426766
391,386.2058440593165
301,287.45986434500867
299,225.7939580154846
248,160.77584047365497
150,144.85777217298633
117,97.99636169217646
77,73.82391219287851
43,41.94945239995242
11,15.16680009245944
15,10.532549866068571
34,31.750501516628717
82,78.28099412937802
230,172.06080007708226
348,265.1639476090995
422,359.8329413009274
578,392.7376264662973
694,422.4606304653649
668,382.6739036478606
626,396.42077318519654
512,450.6628289876959
114,420.63006285935023
171,575.2316408985362
167,602.7970736666243
215,499.79498735458606
194,335.30441190862484
181,251.40568481207825
194,200.51642812117038
133,179.01428504509818
124,124.55179467081103
124,109.65743720998341
96,83.20544172981258
46,53.16075753872459
28,24.089405505902487
55,17.27508327412482
35,48.165776455650864
70,77.02917774661502
170,190.906683586148
299,293.9013081235405
495,377.15706565431327
585,438.35395321273563
757,543.4123834362028
729,572.32987966662
647,498.13304459014773
696,472.4489262029179
701,516.3824100126658
671,519.6034641458376
560,486.90134298016505
496,356.34652279234314
356,256.8944851381129
206,215.66231552584802
189,190.1968613055036
92,143.8033469780392
41,82.27545858901071
18,42.600013515024955
17,29.32203453003212
12,13.74873473440999
5,8.523874670784826
40,28.115698254979065
180,99.26471566263025
447,304.0460864826666
730,426.0037448112265
361,263.470724711206
210,290.25851223812276
236,386.2407700360591
332,637.875267763123
323,628.4794487296882
340,564.9558409650472
346,628.0955175547641
488,633.122163517851
871,630.0084133725221
968,531.7116179471617
633,414.75724520016354
390,316.77712117548106
285,215.4826799334417
159,149.32286599422838
93,81.28988773316996
32,36.23593625191304
10,15.665984825055515
6,7.148494258428832
8,6.087731530633343
9,6.803409306116059
44,36.8753303521123
211,144.49563125466202
596,440.37781506588965
750,683.3721938350956
358,366.6821399445934
196,203.92198551398005
247,228.3675054251308
316,259.42120788345807
328,260.9706002038879
255,274.9624072773056
326,318.7714098857461
536,445.73722255599665
970,721.4475128056363
877,723.4022268457217
596,532.5944848967229
461,383.96364224956943
310,255.05827230301935
216,180.21062286233305
109,104.35479624886077
49,47.81558628804589
21,22.286591731743375
11,8.617852188506049
7,7.318596909124282
5,4.444387580933581
48,28.55370175915253
205,133.622550464178
557,419.5723385287026
770,707.0855018805165
328,359.18254126191033
205,207.69747820789888
232,246.44960644811215
352,284.5596788059608
323,263.57472976877915
278,259.95080100482954
318,292.9598216395407
509,456.48606847978215
925,744.7014815759571
977,738.7679420128487
635,550.5851195567932
470,389.2291953604384
306,260.44828393345585
212,183.80670500211954
127,106.77376203191639
57,57.259594558676746
28,28.346502960839562
9,9.483997349004678
11,5.869890638023887
6,4.89173375586188
57,30.734465107550495
195,128.92966192866947
571,410.4171222834599
758,702.1811546326451
338,264.60754935824826
212,152.25130525640117
254,191.42923648009477
297,261.8706110435523
283,273.7096670648295
274,267.952536121724
352,286.7486266302655
491,404.69037638856815
884,751.3733701629118
852,763.6084265469315
674,558.8695034165609
463,401.08098266262317
317,285.3901482139232
251,201.28699270304298
170,124.88460167670655
87,69.70188526814947
41,35.782774500385436
30,16.160976970180958
14,8.398860342193483
12,3.9241136751265153
41,28.781760593185712
152,123.18354810064426
454,406.245821851172
766,715.0331704528255
347,345.28755358152955
246,193.78158344564335
280,248.34880597836357
409,300.5601819311303
408,291.44671392468155
371,278.1618597010807
367,344.7221765740664
563,463.84017960035635
894,752.8824204824408
808,751.3375229704434
579,569.5137859641976
404,410.83775084862833
312,294.69947164107236
229,228.23532065864947
195,161.5616912928429
207,121.13514485293271
109,93.14322670374399
93,61.966719240017625
37,33.90385646414616
6,16.461969618418962
16,15.937388064060833
33,51.74262563560547
73,112.09602068656086
212,305.5558749095779
342,380.0573580334504
442,362.9393178739085
627,438.91555445298263
706,591.4453075806987
704,627.422810116835
715,572.0191465590208
654,552.221949256394
783,553.7719237976834
729,670.5813953846823
614,704.0770359703987
478,548.0950388633198
330,443.78024624618564
296,373.90538280960345
279,265.05584075846383
229,203.01347707212503
151,262.3673374505708
117,327.42868416686383
89,375.56654268593377
48,369.6965208476698
8,27.092226890194972
13,23.372734810217516
35,61.66708072068643
71,106.92155420928889
128,274.41840306316766
296,353.29966237540043
490,403.5094511876664
559,520.1826386765991
656,590.0826688144199
694,575.7887450186975
635,578.1624797668309
557,560.549787708287
596,569.2362751912118
570,538.8002148018578
481,470.4700460710259
403,319.9956641028477
324,234.7985015169362
191,206.78559142829795
127,204.5108728055273
94,187.23629302331037
45,127.19099878402345
21,62.23250930459763
13,31.014985538378934
7,11.079340887167321
11,5.863718583734948
45,30.393158272963603
164,124.81254235930992
492,380.026493802854
683,542.4319666565403
299,313.7255390546101
202,302.09720447561256
252,421.0525861865908
295,610.9843381187032
343,652.6613708915074
332,605.744241065025
338,560.2316188275603
453,600.9384818067103
842,616.4349799397467
774,571.3118015683144
486,443.06493900361704
340,273.1931198521844
233,206.49564607186576
129,148.24596302449962
70,86.49045219844969
13,41.4147244485062
5,12.689287637815285
4,5.083292257785473
6,2.651081634730746
7,10.001115737455724
48,32.48580211090128
167,126.61865855107749
356,387.77751751565336
672,620.9556706937645
293,271.69184201386327
160,107.63995191867119
151,139.65878253073816
88,166.67766152986317
114,142.9921321735998
143,152.24909470136683
36,164.2117844510462
141,263.5971777842979
338,497.5152227771101
281,623.9894637882911
324,458.23307719664206
290,281.27164545007315
207,177.06101754254288
151,119.26131130716716
78,63.18448591053561
26,23.596378844063395
12,7.93816041281487
3,3.7148536399078558
5,2.6492927780811955
10,7.296599482826849
56,34.62327016399395
172,140.4651336076853
545,397.8106442733281
797,634.2328267950378
362,329.90848496591747
192,171.22542952435137
247,212.58106100872865
313,249.3386768668353
289,243.20822961605802
286,241.93012563201927
311,260.21558096098835
466,333.127467938149
886,567.3060593890264
892,628.9144973669015
611,441.6428604251534
409,304.32043024907205
349,215.76701763408278
229,156.22986915669145
123,90.78685161631867
58,47.44934850871698
18,23.933941679685034
11,10.856269214001426
6,8.697902060896144
6,4.947150868915345
56,29.304160905727162
170,136.33010979843087
534,435.7528027781117
790,679.6085482519793
355,373.979362793054
190,215.76650799674454
243,257.2653345766879
290,311.83544637989974
336,314.98776930816945
298,301.53933828722603
291,322.1513279248403
457,374.7691537654845
976,701.2342059866195
900,652.553998151818
603,471.7330681203617
417,277.17016402608465
274,227.0080768715275
287,175.61593387808955
154,118.03344153409381
66,61.73018774328497
49,27.603642025951732
14,12.122905780282892
12,7.149641590846455
10,5.681973424149304
49,29.069731312987866
165,123.03177950229305
503,402.5853814332583
757,704.393896233531
383,374.0874679745211
225,214.32718323615813
321,251.63002960584942
389,310.5206576273644
421,334.2563386271246
412,333.9982728991875
423,381.31124844273893
567,560.5510289333703
846,721.4930675003034
805,668.4839500283246
588,510.5524891518155
369,354.2488003965458
312,246.1004937154708
295,213.11387925524605
186,155.09683379593162
172,162.52982749789277
124,120.36930916092697
83,88.36418787181694
45,52.91957121518118
15,21.56361943897076
17,16.780748086510734
41,62.58196991560166
77,124.96981607466675
218,329.4479107631419
377,325.115043565426
474,311.1975472269985
626,396.98211915692593
688,603.3076563990433
707,657.4610949791515
654,617.2792284258594
750,588.6402335445815
680,586.7765294001885
646,611.2784317170183
598,580.0849149649889
407,451.6389518049373
325,261.0544287454307
261,227.81728816092837
239,216.49585017009423
171,169.85347162888132
180,155.31310171263553
142,128.80833546800193
95,90.23490397117473
54,59.73761793504387
10,30.780859235419868
6,20.902925062552114
16,61.932105044126565
57,113.59927918609628
175,299.0830097706188
276,367.9038213299896
489,416.43040717080413
570,543.3010817138904
776,548.369549018886
702,513.9689326461529
666,508.8665169738207
640,546.8833335269684
691,499.0078812494815
723,501.66616522985106
540,439.82838361113437
413,343.3454889865386
252,255.25464304852144
196,214.94786161314897
138,194.82864516404615
100,148.96269420383348
64,113.79139389466437
18,67.46969863202781
8,35.56214071162489
5,16.442481308455303
8,6.395959645677306
37,32.929679157286685
168,127.21036192202077
530,380.8642374788607
750,577.206911791302
328,302.41268257951225
198,324.92747030365666
238,454.9948383015642
342,681.054202253715
328,657.4913454353865
303,584.7977899367878
300,592.7050300608058
516,623.6108814820117
898,613.2457513337984
853,571.6930845260567
590,373.21589391720977
432,244.2766676663493
256,191.5705374894432
172,139.0097348284653
94,86.91114524156364
64,43.66684101902196
13,21.685642781290667
14,5.501014226686312
5,4.266760998028593
9,5.730917540485364
47,30.80503459808644
194,144.3405898583464
556,452.11937641807776
805,671.1772264959995
409,292.8615100106943
170,159.20592109313503
218,194.8670098032153
302,230.49500682240284
305,221.31651913689342
293,212.50256006760245
303,218.05503942505666
495,295.421898277874
967,593.5896504408222
822,658.73124947941
539,472.25493835751917
425,281.7426747571521
297,210.802605256167
188,147.26534311049102
98,86.09110050092714
40,51.30418261138203
29,24.671378723623153
17,10.714611761225994
10,6.514777109783436
14,5.833462681090289
36,26.590708548493186
182,121.89805567359124
532,399.3643317254146
838,670.0589394656988
334,389.890103223726
185,203.93331061319432
227,253.0912645390501
316,287.3456534092557
340,284.60989112729
277,281.07274623508687
300,311.9685105233979
468,443.2743660758973
953,705.1455952277479
884,647.0070638527486
627,443.2498791349065
434,322.8491284970904
360,241.7811291601581
215,167.55133215938912
115,104.818525059955
65,55.032000318885444
21,29.57157265904763
16,13.374462077736972
7,9.097215021578588
8,5.583237780149309
66,28.289604048107062
169,131.8168824131895
558,422.9132955345677
794,717.2033820002673
335,317.5306658828219
208,183.759840029105
294,230.41708899776526
335,299.08811009196495
326,315.4405381435911
258,313.12461859789283
296,336.6353543142107
472,435.673385071969
905,770.129067360417
899,778.0467639883303
559,581.8976395341407
457,424.09178769416985
253,311.00954337393654
47,229.12498352711233
45,138.4896070973363
17,80.64351901053145
13,38.99564775903493
10,16.186597696027015
7,6.6685402337001705
12,6.640812528036733
38,30.436111732956732
138,135.92235163234798
394,424.1828432059773
705,669.66832681983
426,359.29430495085137
245,212.21216912627236
361,249.9400481422421
380,308.10782605805497
410,344.24883958288905
399,351.67508119801096
392,401.3454592038857
502,570.9141455164149
808,710.2191725297079
667,627.7537378729352
508,480.1798681373082
336,325.3533959592548
237,230.63152456466858
220,207.25756111732554
190,144.6136356703361
149,121.37359530847426
101,86.91305212295472
92,66.45935378986482
29,36.153028357160785
14,8.416271743073153
15,10.38622942886198
37,34.521565934343386
73,97.41766970265984
211,217.78205641960153
332,358.9367082245001
472,385.95658874326523
663,508.5625716797669
682,547.6684323267326
686,566.8922899434203
750,528.598368294192
727,562.8485035230611
722,523.1520136417021
712,532.0189653784425
594,454.8855184867624
470,408.2717173876593
315,281.3165339352496
292,221.40425916318176
221,202.50623020763632
196,167.30120494514978
147,170.7209176767345
116,134.2730727229138
92,98.73123239258219
58,69.72570528027227
7,32.588793589651445
10,23.504960629593427
22,63.693195079392545
57,140.31748502816055
144,336.44204771902923
285,369.9397830195736
479,397.8069905046293
591,505.4950309317559
680,567.4839314652876
594,519.0487272814698
612,541.1731297919533
649,552.563378394678
648,511.51323084807245
575,549.0350901650594
401,465.1548626339604
257,311.70918552022016
194,229.94677879512162
123,202.21392862934823
91,184.69118561470904
57,154.18852904775076
45,106.85977411246331
18,57.39813831959409
12,29.422328327932142
7,11.03325452520195
10,6.802272085763048
36,29.900883151778427
155,118.7689330173607
483,378.9465705238698
784,548.8549530181771
340,297.8257627475637
179,284.2577299149116
272,366.6908018041085
323,621.1775348444128
305,587.5406382844404
244,571.5713964777668
329,583.5246246298886
459,572.6944892948133
856,577.6102045258552
613,519.6279963898817
516,354.02621515582
262,243.14680591419975
218,195.85218307754255
207,143.5349562748172
105,80.33633980978523
31,40.27611527578994
11,15.474528326211502
2,7.442569420264973
5,5.244231536353435
10,5.668769306065058
43,33.000926040470624
179,137.26223118816642
260,437.3932605658413
134,670.798972041587
86,370.20304410375195
45,187.2856545304806
99,207.4462681175969
104,231.2402991571858
154,233.83170215289385
163,241.8020440445792
209,253.73617210280614
374,319.95652712629993
715,573.3288872611407
687,608.4907962308577
395,447.39040693365564
306,290.82873501302515
289,197.22951721286387
240,155.23295750172562
98,92.63768720881403
52,47.168911330353104
19,21.735561960067646
9,8.981515122204332
7,7.420718083944221
11,5.254187227721209
34,25.79740566520911
177,127.92186107539567
515,359.56079264695416
809,513.2788554609235
362,266.2503135050207
175,137.74688583511906
230,169.98062397913404
358,201.4731090642555
279,194.07279151142382
251,206.507316147403
319,217.60578078501592
478,303.82423841705355
917,571.4441073004244
810,614.6386400007559
593,468.6822515862949
497,317.28553208555024
209,233.10207657378072
241,177.35185728318177
220,111.9131026652487
76,57.74324337230401
25,25.05021154535428
13,8.744771467454745
11,6.227382584358854
10,2.076770435097933
39,22.173606123641854
133,108.43936901988886
391,372.26942959032283
738,655.3070661265903
359,358.8067398353927
177,206.6547025499706
214,234.27223222651122
288,300.32172034033835
294,303.8950983788739
267,293.347936460032
325,295.5231455855131
497,339.8717037603358
901,643.2724139651889
887,650.1732952896031
534,503.0524796349195
441,329.6378373334792
321,243.32123432857713
232,171.89555123764728
155,133.7812626723605
102,66.70676727397493
46,28.996732483389636
11,11.88799397536189
16,7.785781638657315
11,7.713000531073411
41,31.561318907167635
137,128.4192529815148
428,394.4330408981276
785,717.5900078747534
384,423.5051887042898
260,234.23429500991378
304,276.95894566682557
468,341.8830955740235
424,353.0300172140066
400,368.42009694282336
470,427.8142772048557
634,502.47795604201355
900,739.2163077347628
761,668.1794202368841
500,468.0254949023836
372,347.4415114970367
267,259.1614433931227
264,211.57714659941027
171,152.58155342450996
191,132.9584937734145
141,96.48295081722628
75,64.75294074580783
56,34.77635352676035
11,28.205623620099722
10,19.48686097981986
30,59.89715160901957
84,117.75392100320937
206,327.179610237067
395,331.79105156071483
539,348.20148145810236
647,412.45482429989517
743,567.705411186708
710,586.6890368013402
576,595.4961356824097
620,613.6895879177542
659,597.6043153079132
610,622.9333650357444
495,555.1023461424174
341,433.7199951302047
247,284.347335698792
215,223.97245225758942
185,211.40893210542993
179,170.31053848206528
127,151.14606645050188
109,139.90488333936528
74,102.321257003195
22,77.55322423498764
11,3.4819004121827155
10,6.233181236443688
23,18.50527453100935
35,52.42249801294171
62,116.65602196049375
86,244.72451499912046
185,450.1798965173887
336,475.0593991155546
392,506.49474299257184
320,459.35910809157633
314,465.359300334655
306,452.4857449238567
333,423.0277946674735
157,438.9141518512138
106,380.35015322771636
114,267.7184451833655
116,198.7488981535097
113,173.80853845354832
79,150.47397888821558
80,127.60487329294682
51,65.20782906634136
37,36.276626101983275
15,18.62763809849069
10,8.129741622426558
7,5.677761742103723
19,22.363299715102677
59,89.4925148560595
154,299.63064359663235
397,490.48154663182044
332,242.616915958616
298,115.3983110027716
308,146.67007677310863
341,187.20778867517242
405,174.08959577331822
420,164.50960051798128
370,184.2418950237847
377,265.9830408465769
497,473.2955328167457
456,403.5490960397137
371,262.5478514379988
227,186.04535182640456
151,129.5550211075046
107,88.57200151798942
69,54.15576700425785
31,28.004153825365947
13,9.764663655700579
7,6.676750901768462
3,3.4505035913078315
7,1.240391525722192
19,14.475379448886622
143,56.30042866949556
362,129.72836978744988
713,250.3073205432754
382,156.16006405564517
164,79.35816660726888
193,65.7378086820162
260,56.82746900623676
238,56.3598848731253
244,46.167879637704125
254,51.66340609010447
424,83.00761054531972
806,178.6105954804208
784,170.84885340924825
514,116.59507452754937
360,76.1521080566359
225,45.947101625286244
162,31.745245981821437
84,23.43337984041697
33,7.729374802100251
8,3.9646863545400834
8,0.9607996158400892
6,1.207436813821302
6,12.140611690213536
40,38.10873560941777
175,142.72432443153494
507,411.9478195754937
839,620.6958234776997
366,328.3187407186451
217,156.4350124295582
291,197.29733534058238
390,226.41205279198593
297,223.450752859099
271,219.0642448114335
319,220.77994230649236
566,301.83958739196606
948,534.8940459092184
844,564.4442208712651
566,433.1061685500003
392,257.40909483366266
269,187.27332639159948
197,141.48588828402592
136,94.02783849512758
42,49.065201963340236
11,21.544499992458697
11,6.445643722918989
3,4.606640492169252
10,5.2406341816547055
42,30.509759584080435
159,143.34511451662814
478,428.56968976502606
798,675.4429568359039
355,379.31226578846946
204,204.97869382842796
251,251.56362330634843
326,347.2144027643513
291,336.9303258041975
348,327.3077160435879
460,356.1468124128317
481,538.9713837289889
827,676.0392051748463
692,578.4772351920528
743,415.7003606890607
415,269.2760496897635
260,204.75385379944984
177,160.92975223950216
186,102.97553378146866
68,57.480821475565534
37,27.871921704221055
16,10.953780424114699
6,7.523497103870662
8,2.021381414582686
35,22.304106389400527
143,122.9224792537998
392,408.57621152026167
745,670.4340838273706
400,377.2140342112415
275,209.59783803792334
313,236.79198444977493
387,304.199364284889
381,326.23993191465155
371,331.1305844134536
455,359.33284765976686
520,561.5671809630841
837,658.4781013815798
642,535.3375130953413
493,519.5818743043209
308,309.7007873956587
190,220.35356326864607
160,181.99469956517962
100,127.76006938546486
249,120.27210810049124
146,87.14151481295035
67,60.01346614268382
15,31.39803278515704
11,4.850118080088283
11,6.723014898271949
28,31.256606117971277
70,84.43007668040569
174,204.70163503766787
266,326.9449190558524
347,407.4848880752794
527,400.2858742984842
573,508.12988965675845
670,517.426130590991
597,456.51432746839095
615,474.6431718486241
637,502.3716970528392
528,530.8113519999533
473,431.0799614108316
332,290.8458687394606
255,196.84994461866316
204,153.87001407332
189,123.70723606474955
125,99.71066607151165
111,190.34662837540168
112,229.07511562356203
66,242.672871776666
28,230.61344767157195
12,11.542577567831406
11,14.661022555401523
24,36.89346094264472
51,77.61280577273283
132,178.1372061983146
223,292.78223611461596
428,341.71291338109125
494,400.443002361054
562,401.7718658008569
619,509.5106105460878
617,473.7731161804078
568,446.0944450894636
581,458.35806999857067
539,441.00370101921334
453,356.02502591548017
336,240.81261854690217
246,188.91558845830454
196,164.81898739599873
125,152.11318212074994
105,122.50440326366059
48,62.98915001586759
29,38.5759053473433
6,19.50434565474947
4,9.44199776947029
10,7.336109700507078
40,32.614890240285796
147,119.26202025618079
476,350.28289343341913
737,482.30593173461887
359,276.6525343903609
168,277.64692578719394
263,315.35453895622123
284,414.780637254611
146,541.2487439764176
185,535.2070802418409
260,497.67247666105305
447,536.8996234358651
766,509.5537153292946
592,452.115768666189
239,330.36731813953054
256,224.4850909689634
206,169.9931839077615
126,114.98468435519338
81,67.04755865288479
48,28.954224661320527
13,11.536237038254225
3,6.966826700665017
2,5.573229262213239
7,5.655185473834874
52,34.97763472891019
172,143.35039813194345
525,443.43910023230944
835,667.3798822581394
355,399.6331921354571
222,192.87654459642624
228,226.10878368311404
325,262.93629163906536
328,239.9388224259866
308,228.4002291917385
346,237.05626175364264
446,354.8497672688869
943,655.8024666663323
838,584.1078012404537
531,327.88089000370945
432,215.03510294704603
195,180.24554698291482
181,121.83961131668221
199,69.65409777682281
49,35.57329734109937
17,16.00341378972952
16,7.078041854765505
7,5.155771050322323
4,2.6479144382776743
41,23.540438173660384
178,127.03776562588534
464,409.8790295000582
817,671.1673188277418
382,369.84754312377487
228,191.63082589238658
234,220.26021202671808
332,266.1856280820471
310,260.0490015170149
270,258.150710006849
301,278.14408769035117
466,447.4988610466513
888,679.5070801446583
884,594.229349249307
516,420.96272156827473
414,265.7386533130795
329,197.8642749535093
215,145.67862302141927
99,107.55483660824892
57,53.54818565234858
14,27.21548321531298
14,10.741584200602178
5,5.862838621393245
5,6.134950697917473
42,30.540393648142842
153,138.3320245973055
508,426.291090320163
834,682.9658195872059
387,363.7220543149402
218,207.8714494647477
268,261.4075672094998
377,311.34151469602915
332,307.8857755792296
285,306.9536464676814
353,349.004486357476
450,411.85081082138214
890,695.0879122676557
788,615.64932058146
513,453.41797313365134
387,265.39694057488543
283,217.21855436429237
229,165.75482113705957
117,123.7091339611675
56,63.847234164693084
16,29.113813614552875
10,12.688904475712027
5,7.16186423397819
